feature,importance
pos_factor,0.5703686939975222
avg_games,0.010534726670761252
avg_run_production,0.006989477023201702
production_std,0.0017845208879251405
avg_run_prevention,0.0014302360547024562
last_production,0.0008163687950005751
last_prevention,0.0006640889707525536
production_trend,0.0006399754471751782
prevention_trend,0.00034021891104007106
prevention_std,0.0003133440073188969
avg_total_value,4.502335708290903e-05
